osm_wid,osm_nid_1,osm_nid_2,linkuse,comment
w22705944,osm243551294,osm243551291,road,"National Forest Development Road 1540.link1"
w22705944,osm243551296,osm243551294,road,"National Forest Development Road 1540.link2"
w22705944,osm243551298,osm243551296,road,"National Forest Development Road 1540.link3"
w22705944,osm243551299,osm243551298,road,"National Forest Development Road 1540.link4"
w22705944,osm243551300,osm243551299,road,"National Forest Development Road 1540.link5"
w22705944,osm243551301,osm243551300,road,"National Forest Development Road 1540.link6"
w22705944,osm1953997273,osm243551301,road,"National Forest Development Road 1540.link7"
w22705944,osm243551303,osm1953997273,road,"National Forest Development Road 1540.link8"
w22705944,osm243551305,osm243551303,road,"National Forest Development Road 1540.link9"
w22705944,osm243551309,osm243551305,road,"National Forest Development Road 1540.link10"
w22705944,osm1953997274,osm243551309,road,"National Forest Development Road 1540.link11"
w22705944,osm243551311,osm1953997274,road,"National Forest Development Road 1540.link12"
w22705944,osm243551312,osm243551311,road,"National Forest Development Road 1540.link13"
w22705944,osm243551315,osm243551312,road,"National Forest Development Road 1540.link14"
w22705944,osm243551316,osm243551315,road,"National Forest Development Road 1540.link15"
w22705944,osm243551317,osm243551316,road,"National Forest Development Road 1540.link16"
w22705944,osm243551321,osm243551317,road,"National Forest Development Road 1540.link17"
w22705944,osm243551322,osm243551321,road,"National Forest Development Road 1540.link18"
w22705944,osm243551324,osm243551322,road,"National Forest Development Road 1540.link19"
w22705944,osm243551325,osm243551324,road,"National Forest Development Road 1540.link20"
w22705944,osm243551326,osm243551325,road,"National Forest Development Road 1540.link21"
w22705944,osm243551327,osm243551326,road,"National Forest Development Road 1540.link22"
w22705944,osm243551329,osm243551327,road,"National Forest Development Road 1540.link23"
w22705944,osm1953997276,osm243551329,road,"National Forest Development Road 1540.link24"
w22705944,osm1953997275,osm1953997276,road,"National Forest Development Road 1540.link25"
w22705944,osm1953997277,osm1953997275,road,"National Forest Development Road 1540.link26"
w22705944,osm1953997279,osm1953997277,road,"National Forest Development Road 1540.link27"
w22705944,osm1953997278,osm1953997279,road,"National Forest Development Road 1540.link28"
w22705944,osm243551330,osm1953997278,road,"National Forest Development Road 1540.link29"
w22705944,osm243551331,osm243551330,road,"National Forest Development Road 1540.link30"
w22705944,osm243551332,osm243551331,road,"National Forest Development Road 1540.link31"
w22705944,osm243551334,osm243551332,road,"National Forest Development Road 1540.link32"
w22705944,osm243551335,osm243551334,road,"National Forest Development Road 1540.link33"
w22705944,osm243551336,osm243551335,road,"National Forest Development Road 1540.link34"
w22705944,osm243551338,osm243551336,road,"National Forest Development Road 1540.link35"
w22705944,osm243551340,osm243551338,road,"National Forest Development Road 1540.link36"
w22705944,osm243551341,osm243551340,road,"National Forest Development Road 1540.link37"
w22705944,osm243551343,osm243551341,road,"National Forest Development Road 1540.link38"
w22705944,osm243551345,osm243551343,road,"National Forest Development Road 1540.link39"
w22705944,osm243551347,osm243551345,road,"National Forest Development Road 1540.link40"
w22705944,osm243551349,osm243551347,road,"National Forest Development Road 1540.link41"
w22705944,osm1953997280,osm243551349,road,"National Forest Development Road 1540.link42"
w22705944,osm243551352,osm1953997280,road,"National Forest Development Road 1540.link43"
w22705944,osm1953997282,osm243551352,road,"National Forest Development Road 1540.link44"
w22705944,osm243551354,osm1953997282,road,"National Forest Development Road 1540.link45"
w22705944,osm243551356,osm243551354,road,"National Forest Development Road 1540.link46"
w22705944,osm1953997283,osm243551356,road,"National Forest Development Road 1540.link47"
w22705944,osm1953997281,osm1953997283,road,"National Forest Development Road 1540.link48"
w22705944,osm243551358,osm1953997281,road,"National Forest Development Road 1540.link49"
w22705944,osm243551360,osm243551358,road,"National Forest Development Road 1540.link50"
w22705944,osm243551362,osm243551360,road,"National Forest Development Road 1540.link51"
w22705944,osm1953997284,osm243551362,road,"National Forest Development Road 1540.link52"
w22705944,osm243551363,osm1953997284,road,"National Forest Development Road 1540.link53"
w22705944,osm243551364,osm243551363,road,"National Forest Development Road 1540.link54"
w22705944,osm243551365,osm243551364,road,"National Forest Development Road 1540.link55"
w22705944,osm243551367,osm243551365,road,"National Forest Development Road 1540.link56"
w22705944,osm243551369,osm243551367,road,"National Forest Development Road 1540.link57"
w22705944,osm243551371,osm243551369,road,"National Forest Development Road 1540.link58"
w22705944,osm243551372,osm243551371,road,"National Forest Development Road 1540.link59"
w22705944,osm243551373,osm243551372,road,"National Forest Development Road 1540.link60"
w22705944,osm1953997288,osm243551373,road,"National Forest Development Road 1540.link61"
w22705944,osm243551374,osm1953997288,road,"National Forest Development Road 1540.link62"
w22705944,osm243551376,osm243551374,road,"National Forest Development Road 1540.link63"
w22705944,osm243551379,osm243551376,road,"National Forest Development Road 1540.link64"
w22705944,osm243551381,osm243551379,road,"National Forest Development Road 1540.link65"
w22705944,osm243551382,osm243551381,road,"National Forest Development Road 1540.link66"
w22705944,osm243551383,osm243551382,road,"National Forest Development Road 1540.link67"
w22705944,osm243551385,osm243551383,road,"National Forest Development Road 1540.link68"
w22705944,osm243551387,osm243551385,road,"National Forest Development Road 1540.link69"
w22705944,osm243551389,osm243551387,road,"National Forest Development Road 1540.link70"
w22705944,osm243551391,osm243551389,road,"National Forest Development Road 1540.link71"
w22705944,osm1953997289,osm243551391,road,"National Forest Development Road 1540.link72"
w22705944,osm243551393,osm1953997289,road,"National Forest Development Road 1540.link73"
w22705944,osm243551396,osm243551393,road,"National Forest Development Road 1540.link74"
w22705944,osm243551398,osm243551396,road,"National Forest Development Road 1540.link75"
w22705944,osm243551400,osm243551398,road,"National Forest Development Road 1540.link76"
w22705944,osm243551402,osm243551400,road,"National Forest Development Road 1540.link77"
w22705944,osm243551422,osm243551402,road,"National Forest Development Road 1540.link78"
w22705944,osm243551423,osm243551422,road,"National Forest Development Road 1540.link79"
w22705944,osm1953997290,osm243551423,road,"National Forest Development Road 1540.link80"
w22705944,osm243551424,osm1953997290,road,"National Forest Development Road 1540.link81"
w22705944,osm243551426,osm243551424,road,"National Forest Development Road 1540.link82"
w22705944,osm1953997286,osm243551426,road,"National Forest Development Road 1540.link83"
w22705944,osm243551428,osm1953997286,road,"National Forest Development Road 1540.link84"
w22705944,osm243551430,osm243551428,road,"National Forest Development Road 1540.link85"
w22705944,osm243551432,osm243551430,road,"National Forest Development Road 1540.link86"
w22705944,osm1953997285,osm243551432,road,"National Forest Development Road 1540.link87"
w22705944,osm243551434,osm1953997285,road,"National Forest Development Road 1540.link88"
w22705944,osm243551436,osm243551434,road,"National Forest Development Road 1540.link89"
w22705944,osm1953997287,osm243551436,road,"National Forest Development Road 1540.link90"
w22705944,osm243551450,osm1953997287,road,"National Forest Development Road 1540.link91"
w22705944,osm1953997291,osm243551450,road,"National Forest Development Road 1540.link92"
w22705944,osm36863202,osm1953997291,road,"National Forest Development Road 1540.link93"
w22705944,osm36863201,osm36863202,road,"National Forest Development Road 1540.link94"
w22705944,osm36863200,osm36863201,road,"National Forest Development Road 1540.link95"
w22705944,osm36863199,osm36863200,road,"National Forest Development Road 1540.link96"
w22705944,osm36863198,osm36863199,road,"National Forest Development Road 1540.link97"
w22705944,osm36863197,osm36863198,road,"National Forest Development Road 1540.link98"
w22705944,osm36863196,osm36863197,road,"National Forest Development Road 1540.link99"
w22705944,osm36863195,osm36863196,road,"National Forest Development Road 1540.link100"
w22705944,osm36863194,osm36863195,road,"National Forest Development Road 1540.link101"
w22705944,osm36863192,osm36863194,road,"National Forest Development Road 1540.link102"
w22705944,osm36863191,osm36863192,road,"National Forest Development Road 1540.link103"
w22705944,osm36863190,osm36863191,road,"National Forest Development Road 1540.link104"
w22705944,osm36863189,osm36863190,road,"National Forest Development Road 1540.link105"
w22705944,osm36863187,osm36863189,road,"National Forest Development Road 1540.link106"
w22705944,osm36863186,osm36863187,road,"National Forest Development Road 1540.link107"
w22705944,osm36863185,osm36863186,road,"National Forest Development Road 1540.link108"
w22705944,osm36863184,osm36863185,road,"National Forest Development Road 1540.link109"
w22705944,osm36863183,osm36863184,road,"National Forest Development Road 1540.link110"
w22705944,osm36863182,osm36863183,road,"National Forest Development Road 1540.link111"
w22705944,osm243599577,osm36863182,road,"National Forest Development Road 1540.link112"
w22706391,osm36882693,osm36882694,road,"National Forest Development Road 1550.link1"
w22706391,osm36882692,osm36882693,road,"National Forest Development Road 1550.link2"
w22706391,osm36882691,osm36882692,road,"National Forest Development Road 1550.link3"
w22706391,osm36882690,osm36882691,road,"National Forest Development Road 1550.link4"
w22706391,osm36882689,osm36882690,road,"National Forest Development Road 1550.link5"
w22706391,osm36882688,osm36882689,road,"National Forest Development Road 1550.link6"
w22706391,osm36882687,osm36882688,road,"National Forest Development Road 1550.link7"
w22706391,osm36882686,osm36882687,road,"National Forest Development Road 1550.link8"
w22706391,osm36882685,osm36882686,road,"National Forest Development Road 1550.link9"
w22706391,osm36882684,osm36882685,road,"National Forest Development Road 1550.link10"
w22706391,osm36882683,osm36882684,road,"National Forest Development Road 1550.link11"
w22706391,osm36882682,osm36882683,road,"National Forest Development Road 1550.link12"
w22706391,osm36882681,osm36882682,road,"National Forest Development Road 1550.link13"
w22706391,osm36882680,osm36882681,road,"National Forest Development Road 1550.link14"
w22706391,osm36882679,osm36882680,road,"National Forest Development Road 1550.link15"
w22706391,osm36882678,osm36882679,road,"National Forest Development Road 1550.link16"
w22706391,osm36882677,osm36882678,road,"National Forest Development Road 1550.link17"
w22706391,osm36882676,osm36882677,road,"National Forest Development Road 1550.link18"
w22706391,osm36882674,osm36882676,road,"National Forest Development Road 1550.link19"
w22706391,osm36882673,osm36882674,road,"National Forest Development Road 1550.link20"
w22706391,osm36882672,osm36882673,road,"National Forest Development Road 1550.link21"
w22706391,osm36882671,osm36882672,road,"National Forest Development Road 1550.link22"
w22706391,osm36882670,osm36882671,road,"National Forest Development Road 1550.link23"
w22706391,osm36882669,osm36882670,road,"National Forest Development Road 1550.link24"
w22706391,osm36882668,osm36882669,road,"National Forest Development Road 1550.link25"
w22706391,osm36882667,osm36882668,road,"National Forest Development Road 1550.link26"
w22706391,osm36882666,osm36882667,road,"National Forest Development Road 1550.link27"
w22706391,osm36882665,osm36882666,road,"National Forest Development Road 1550.link28"
w22706391,osm36882664,osm36882665,road,"National Forest Development Road 1550.link29"
w22706391,osm36882663,osm36882664,road,"National Forest Development Road 1550.link30"
w22706391,osm36882659,osm36882663,road,"National Forest Development Road 1550.link31"
w22706391,osm36882657,osm36882659,road,"National Forest Development Road 1550.link32"
w22706391,osm36882656,osm36882657,road,"National Forest Development Road 1550.link33"
w22706391,osm36882655,osm36882656,road,"National Forest Development Road 1550.link34"
w22706391,osm36882654,osm36882655,road,"National Forest Development Road 1550.link35"
w22706391,osm36882653,osm36882654,road,"National Forest Development Road 1550.link36"
w22706391,osm36882652,osm36882653,road,"National Forest Development Road 1550.link37"
w22706391,osm36882651,osm36882652,road,"National Forest Development Road 1550.link38"
w22706391,osm36882650,osm36882651,road,"National Forest Development Road 1550.link39"
w22706391,osm36882649,osm36882650,road,"National Forest Development Road 1550.link40"
w22706391,osm36882648,osm36882649,road,"National Forest Development Road 1550.link41"
w22706391,osm36882647,osm36882648,road,"National Forest Development Road 1550.link42"
w22706391,osm36882646,osm36882647,road,"National Forest Development Road 1550.link43"
w22706391,osm36882645,osm36882646,road,"National Forest Development Road 1550.link44"
w22706391,osm36882644,osm36882645,road,"National Forest Development Road 1550.link45"
w22706391,osm36882643,osm36882644,road,"National Forest Development Road 1550.link46"
w22706391,osm36882642,osm36882643,road,"National Forest Development Road 1550.link47"
w22706391,osm36882641,osm36882642,road,"National Forest Development Road 1550.link48"
w22706391,osm36882640,osm36882641,road,"National Forest Development Road 1550.link49"
w22706391,osm36882639,osm36882640,road,"National Forest Development Road 1550.link50"
w22706391,osm36882638,osm36882639,road,"National Forest Development Road 1550.link51"
w22706391,osm36882637,osm36882638,road,"National Forest Development Road 1550.link52"
w22706391,osm36882636,osm36882637,road,"National Forest Development Road 1550.link53"
w22706391,osm36882635,osm36882636,road,"National Forest Development Road 1550.link54"
w22706391,osm36882634,osm36882635,road,"National Forest Development Road 1550.link55"
w22706391,osm36882633,osm36882634,road,"National Forest Development Road 1550.link56"
w22706391,osm36882632,osm36882633,road,"National Forest Development Road 1550.link57"
w22706391,osm36882631,osm36882632,road,"National Forest Development Road 1550.link58"
w22706391,osm36882630,osm36882631,road,"National Forest Development Road 1550.link59"
w22706391,osm36882629,osm36882630,road,"National Forest Development Road 1550.link60"
w22706391,osm36882628,osm36882629,road,"National Forest Development Road 1550.link61"
w22706391,osm36882627,osm36882628,road,"National Forest Development Road 1550.link62"
w22706391,osm36882626,osm36882627,road,"National Forest Development Road 1550.link63"
w22706391,osm36882625,osm36882626,road,"National Forest Development Road 1550.link64"
w22706391,osm36882624,osm36882625,road,"National Forest Development Road 1550.link65"
w22706391,osm36882623,osm36882624,road,"National Forest Development Road 1550.link66"
w22706391,osm36882622,osm36882623,road,"National Forest Development Road 1550.link67"
w22706391,osm36882621,osm36882622,road,"National Forest Development Road 1550.link68"
w22706391,osm36882620,osm36882621,road,"National Forest Development Road 1550.link69"
w22706391,osm36882619,osm36882620,road,"National Forest Development Road 1550.link70"
w22706391,osm36882618,osm36882619,road,"National Forest Development Road 1550.link71"
w22706391,osm36882617,osm36882618,road,"National Forest Development Road 1550.link72"
w22706391,osm36882616,osm36882617,road,"National Forest Development Road 1550.link73"
w22706391,osm36882615,osm36882616,road,"National Forest Development Road 1550.link74"
w22706391,osm36882614,osm36882615,road,"National Forest Development Road 1550.link75"
w22706391,osm36882613,osm36882614,road,"National Forest Development Road 1550.link76"
w22706391,osm36882612,osm36882613,road,"National Forest Development Road 1550.link77"
w22706391,osm36882611,osm36882612,road,"National Forest Development Road 1550.link78"
w22706391,osm36882610,osm36882611,road,"National Forest Development Road 1550.link79"
w22706391,osm36882609,osm36882610,road,"National Forest Development Road 1550.link80"
w22706391,osm36882608,osm36882609,road,"National Forest Development Road 1550.link81"
w22706391,osm36792831,osm36882608,road,"National Forest Development Road 1550.link82"
w22706391,osm243554466,osm36792831,road,"National Forest Development Road 1550.link83"
w22711635,osm36882136,osm243599577,road,"Cascade River Road.link1"
w22711635,osm36882137,osm36882136,road,"Cascade River Road.link2"
w22711635,osm36882138,osm36882137,road,"Cascade River Road.link3"
w22711635,osm36882139,osm36882138,road,"Cascade River Road.link4"
w22711635,osm36882140,osm36882139,road,"Cascade River Road.link5"
w22711635,osm36882141,osm36882140,road,"Cascade River Road.link6"
w22711635,osm36882142,osm36882141,road,"Cascade River Road.link7"
w22711635,osm36882143,osm36882142,road,"Cascade River Road.link8"
w22711635,osm36882144,osm36882143,road,"Cascade River Road.link9"
w22711635,osm3090157263,osm36882144,road,"Cascade River Road.link10"
w22711635,osm3090157262,osm3090157263,road,"Cascade River Road.link11"
w22711636,osm243554985,osm36861249,road,"Cascade River Road01.link1"
w22711636,osm243599523,osm243554985,road,"Cascade River Road01.link2"
w22711636,osm243599524,osm243599523,road,"Cascade River Road01.link3"
w22711636,osm243599525,osm243599524,road,"Cascade River Road01.link4"
w22711636,osm243599526,osm243599525,road,"Cascade River Road01.link5"
w22711636,osm3088190293,osm243599526,road,"Cascade River Road01.link6"
w22711636,osm2776447558,osm3088190293,road,"Cascade River Road01.link7"
w22711636,osm243599527,osm2776447558,road,"Cascade River Road01.link8"
w22711636,osm2776447564,osm243599527,road,"Cascade River Road01.link9"
w22711636,osm2776447566,osm2776447564,road,"Cascade River Road01.link10"
w22711636,osm2776447569,osm2776447566,road,"Cascade River Road01.link11"
w22711636,osm243599528,osm2776447569,road,"Cascade River Road01.link12"
w22711636,osm243599529,osm243599528,road,"Cascade River Road01.link13"
w22711636,osm243599530,osm243599529,road,"Cascade River Road01.link14"
w22711636,osm2776447597,osm243599530,road,"Cascade River Road01.link15"
w22711636,osm2776447594,osm2776447597,road,"Cascade River Road01.link16"
w22711636,osm2776447584,osm2776447594,road,"Cascade River Road01.link17"
w22711636,osm2776447582,osm2776447584,road,"Cascade River Road01.link18"
w22711636,osm243599531,osm2776447582,road,"Cascade River Road01.link19"
w22711636,osm2776447588,osm243599531,road,"Cascade River Road01.link20"
w22711636,osm2776447591,osm2776447588,road,"Cascade River Road01.link21"
w22711636,osm243599532,osm2776447591,road,"Cascade River Road01.link22"
w22711636,osm2776447598,osm243599532,road,"Cascade River Road01.link23"
w22711636,osm2776447602,osm2776447598,road,"Cascade River Road01.link24"
w22711636,osm2776447605,osm2776447602,road,"Cascade River Road01.link25"
w22711636,osm2776447608,osm2776447605,road,"Cascade River Road01.link26"
w22711636,osm243599533,osm2776447608,road,"Cascade River Road01.link27"
w22711636,osm243599534,osm243599533,road,"Cascade River Road01.link28"
w22711636,osm243599535,osm243599534,road,"Cascade River Road01.link29"
w22711636,osm243599536,osm243599535,road,"Cascade River Road01.link30"
w22711636,osm243599537,osm243599536,road,"Cascade River Road01.link31"
w22711636,osm243563793,osm243599537,road,"Cascade River Road01.link32"
w22711636,osm243599539,osm243563793,road,"Cascade River Road01.link33"
w22711636,osm243599540,osm243599539,road,"Cascade River Road01.link34"
w22711636,osm243599541,osm243599540,road,"Cascade River Road01.link35"
w22711636,osm3088190297,osm243599541,road,"Cascade River Road01.link36"
w22711636,osm3088190295,osm3088190297,road,"Cascade River Road01.link37"
w22711636,osm243599542,osm3088190295,road,"Cascade River Road01.link38"
w22711636,osm3088190294,osm243599542,road,"Cascade River Road01.link39"
w22711636,osm3088190296,osm3088190294,road,"Cascade River Road01.link40"
w22711636,osm243599543,osm3088190296,road,"Cascade River Road01.link41"
w22711636,osm243599544,osm243599543,road,"Cascade River Road01.link42"
w22711636,osm3088190298,osm243599544,road,"Cascade River Road01.link43"
w22711636,osm243599545,osm3088190298,road,"Cascade River Road01.link44"
w22711636,osm3088190299,osm243599545,road,"Cascade River Road01.link45"
w22711636,osm243599547,osm3088190299,road,"Cascade River Road01.link46"
w22711636,osm243599548,osm243599547,road,"Cascade River Road01.link47"
w22711636,osm243599549,osm243599548,road,"Cascade River Road01.link48"
w22711636,osm243599550,osm243599549,road,"Cascade River Road01.link49"
w22711636,osm3088190300,osm243599550,road,"Cascade River Road01.link50"
w22711636,osm5891718313,osm3088190300,road,"Cascade River Road01.link51"
w22711636,osm5891718316,osm5891718313,road,"Cascade River Road01.link52"
w22711636,osm243599551,osm5891718316,road,"Cascade River Road01.link53"
w22711636,osm243599552,osm243599551,road,"Cascade River Road01.link54"
w22711636,osm243599553,osm243599552,road,"Cascade River Road01.link55"
w22711636,osm243599554,osm243599553,road,"Cascade River Road01.link56"
w22711636,osm243599555,osm243599554,road,"Cascade River Road01.link57"
w22711636,osm243599556,osm243599555,road,"Cascade River Road01.link58"
w22711636,osm243599557,osm243599556,road,"Cascade River Road01.link59"
w22711636,osm243599558,osm243599557,road,"Cascade River Road01.link60"
w22711636,osm243599559,osm243599558,road,"Cascade River Road01.link61"
w22711636,osm3088190301,osm243599559,road,"Cascade River Road01.link62"
w22711636,osm243599560,osm3088190301,road,"Cascade River Road01.link63"
w22711636,osm243599561,osm243599560,road,"Cascade River Road01.link64"
w22711636,osm243599562,osm243599561,road,"Cascade River Road01.link65"
w22711637,osm3090167001,osm243598152,road,"Cascade River Road02.link1"
w22711637,osm243599578,osm3090167001,road,"Cascade River Road02.link2"
w22711637,osm3090167000,osm243599578,road,"Cascade River Road02.link3"
w22711637,osm3090166999,osm3090167000,road,"Cascade River Road02.link4"
w22711637,osm3090166998,osm3090166999,road,"Cascade River Road02.link5"
w22711637,osm243599579,osm3090166998,road,"Cascade River Road02.link6"
w22711637,osm3090166997,osm243599579,road,"Cascade River Road02.link7"
w22711637,osm3090166996,osm3090166997,road,"Cascade River Road02.link8"
w22711637,osm243599580,osm3090166996,road,"Cascade River Road02.link9"
w22711637,osm243599581,osm243599580,road,"Cascade River Road02.link10"
w22711637,osm243599582,osm243599581,road,"Cascade River Road02.link11"
w22711637,osm243599583,osm243599582,road,"Cascade River Road02.link12"
w22711637,osm243599584,osm243599583,road,"Cascade River Road02.link13"
w22711637,osm3090166995,osm243599584,road,"Cascade River Road02.link14"
w22711637,osm243599586,osm3090166995,road,"Cascade River Road02.link15"
w22711637,osm3090166994,osm243599586,road,"Cascade River Road02.link16"
w22711637,osm243599587,osm3090166994,road,"Cascade River Road02.link17"
w22711637,osm243599588,osm243599587,road,"Cascade River Road02.link18"
w22711637,osm243599589,osm243599588,road,"Cascade River Road02.link19"
w22711637,osm3090166993,osm243599589,road,"Cascade River Road02.link20"
w22711637,osm243599590,osm3090166993,road,"Cascade River Road02.link21"
w22711637,osm243599592,osm243599590,road,"Cascade River Road02.link22"
w22711637,osm3090166992,osm243599592,road,"Cascade River Road02.link23"
w22711637,osm3090166991,osm3090166992,road,"Cascade River Road02.link24"
w22711637,osm3090166990,osm3090166991,road,"Cascade River Road02.link25"
w22711637,osm3090166989,osm3090166990,road,"Cascade River Road02.link26"
w22711637,osm3090166987,osm3090166989,road,"Cascade River Road02.link27"
w22711637,osm3090166984,osm3090166987,road,"Cascade River Road02.link28"
w22711637,osm243599593,osm3090166984,road,"Cascade River Road02.link29"
w22711637,osm243599594,osm243599593,road,"Cascade River Road02.link30"
w22711637,osm3090166985,osm243599594,road,"Cascade River Road02.link31"
w22711637,osm243599595,osm3090166985,road,"Cascade River Road02.link32"
w22711637,osm243599596,osm243599595,road,"Cascade River Road02.link33"
w22711637,osm3971786254,osm243599596,road,"Cascade River Road02.link34"
w22711637,osm3090166988,osm3971786254,road,"Cascade River Road02.link35"
w22711637,osm3090166986,osm3090166988,road,"Cascade River Road02.link36"
w22711637,osm243599597,osm3090166986,road,"Cascade River Road02.link37"
w22711637,osm3971786243,osm243599597,road,"Cascade River Road02.link38"
w22711637,osm243599598,osm3971786243,road,"Cascade River Road02.link39"
w22711637,osm243599599,osm243599598,road,"Cascade River Road02.link40"
w22711637,osm243599600,osm243599599,road,"Cascade River Road02.link41"
w22711637,osm243599601,osm243599600,road,"Cascade River Road02.link42"
w22711637,osm243599602,osm243599601,road,"Cascade River Road02.link43"
w22711637,osm3072342180,osm243599602,road,"Cascade River Road02.link44"
w22711637,osm243599603,osm3072342180,road,"Cascade River Road02.link45"
w22711637,osm3072342181,osm243599603,road,"Cascade River Road02.link46"
w22711637,osm3072342182,osm3072342181,road,"Cascade River Road02.link47"
w22711637,osm243599604,osm3072342182,road,"Cascade River Road02.link48"
w22711637,osm3072342183,osm243599604,road,"Cascade River Road02.link49"
w22711637,osm243599605,osm3072342183,road,"Cascade River Road02.link50"
w22711637,osm3072342184,osm243599605,road,"Cascade River Road02.link51"
w22711637,osm243599606,osm3072342184,road,"Cascade River Road02.link52"
w22711637,osm3090169740,osm243599606,road,"Cascade River Road02.link53"
w22711637,osm243599609,osm3090169740,road,"Cascade River Road02.link54"
w22711637,osm243599610,osm243599609,road,"Cascade River Road02.link55"
w22711637,osm3090169751,osm243599610,road,"Cascade River Road02.link56"
w22711637,osm3090169752,osm3090169751,road,"Cascade River Road02.link57"
w22711637,osm3090169753,osm3090169752,road,"Cascade River Road02.link58"
w22711637,osm3090169754,osm3090169753,road,"Cascade River Road02.link59"
w22711637,osm3090169756,osm3090169754,road,"Cascade River Road02.link60"
w22711637,osm3090169755,osm3090169756,road,"Cascade River Road02.link61"
w22711637,osm243599611,osm3090169755,road,"Cascade River Road02.link62"
w22711637,osm243599612,osm243599611,road,"Cascade River Road02.link63"
w22711637,osm3090169750,osm243599612,road,"Cascade River Road02.link64"
w22711637,osm3090169749,osm3090169750,road,"Cascade River Road02.link65"
w22711637,osm3090169745,osm3090169749,road,"Cascade River Road02.link66"
w22711637,osm3090169743,osm3090169745,road,"Cascade River Road02.link67"
w22711637,osm243599613,osm3090169743,road,"Cascade River Road02.link68"
w22711637,osm3090169746,osm243599613,road,"Cascade River Road02.link69"
w22711637,osm3090169747,osm3090169746,road,"Cascade River Road02.link70"
w22711637,osm243599614,osm3090169747,road,"Cascade River Road02.link71"
w22711637,osm3090169748,osm243599614,road,"Cascade River Road02.link72"
w22711637,osm3090169744,osm3090169748,road,"Cascade River Road02.link73"
w22711637,osm243599615,osm3090169744,road,"Cascade River Road02.link74"
w22711637,osm3090169741,osm243599615,road,"Cascade River Road02.link75"
w22711637,osm243590529,osm3090169741,road,"Cascade River Road02.link76"
w220490017,osm243554467,osm243554466,road,"National Forest Development Road 155001.link1"
w220490020,osm243554469,osm243554467,road,"National Forest Development Road 155002.link1"
w220490020,osm243554471,osm243554469,road,"National Forest Development Road 155002.link2"
w220490020,osm243554472,osm243554471,road,"National Forest Development Road 155002.link3"
w220490020,osm243554473,osm243554472,road,"National Forest Development Road 155002.link4"
w220490020,osm243554475,osm243554473,road,"National Forest Development Road 155002.link5"
w220490020,osm243554477,osm243554475,road,"National Forest Development Road 155002.link6"
w220490020,osm243554479,osm243554477,road,"National Forest Development Road 155002.link7"
w220490020,osm243554481,osm243554479,road,"National Forest Development Road 155002.link8"
w220490020,osm243554483,osm243554481,road,"National Forest Development Road 155002.link9"
w220490020,osm36792866,osm243554483,road,"National Forest Development Road 155002.link10"
w304288404,osm3971776793,osm243599564,road,"Cascade River Road03.link1"
w304288404,osm243599565,osm3971776793,road,"Cascade River Road03.link2"
w304288404,osm243599567,osm243599565,road,"Cascade River Road03.link3"
w304288404,osm243599568,osm243599567,road,"Cascade River Road03.link4"
w304288404,osm243599569,osm243599568,road,"Cascade River Road03.link5"
w304288404,osm243599570,osm243599569,road,"Cascade River Road03.link6"
w304288404,osm243599571,osm243599570,road,"Cascade River Road03.link7"
w304288404,osm243599572,osm243599571,road,"Cascade River Road03.link8"
w304288404,osm243599573,osm243599572,road,"Cascade River Road03.link9"
w304288404,osm243599574,osm243599573,road,"Cascade River Road03.link10"
w304288404,osm243599575,osm243599574,road,"Cascade River Road03.link11"
w304288404,osm3090158567,osm243599575,road,"Cascade River Road03.link12"
w304288404,osm3090158566,osm3090158567,road,"Cascade River Road03.link13"
w304288404,osm243599576,osm3090158566,road,"Cascade River Road03.link14"
w304288404,osm243599577,osm243599576,road,"Cascade River Road03.link15"
w304288405,osm243599564,osm243599562,road,"Cascade River Road04.link1"
w722397662,osm3090157261,osm3090157262,road,"Cascade River Road05.link1"
w722397662,osm36792866,osm3090157261,road,"Cascade River Road05.link2"
w722397662,osm36882145,osm36792866,road,"Cascade River Road05.link3"
w722397662,osm36882146,osm36882145,road,"Cascade River Road05.link4"
w722397662,osm36882147,osm36882146,road,"Cascade River Road05.link5"
w722397662,osm36882149,osm36882147,road,"Cascade River Road05.link6"
w722397662,osm36882150,osm36882149,road,"Cascade River Road05.link7"
w722397662,osm36882151,osm36882150,road,"Cascade River Road05.link8"
w722397662,osm3090167019,osm36882151,road,"Cascade River Road05.link9"
w722397662,osm36882154,osm3090167019,road,"Cascade River Road05.link10"
w722397662,osm243599478,osm36882154,road,"Cascade River Road05.link11"
w722397662,osm243599479,osm243599478,road,"Cascade River Road05.link12"
w722397662,osm243599480,osm243599479,road,"Cascade River Road05.link13"
w722397662,osm243599481,osm243599480,road,"Cascade River Road05.link14"
w722397662,osm243599482,osm243599481,road,"Cascade River Road05.link15"
w722397662,osm243599483,osm243599482,road,"Cascade River Road05.link16"
w722397662,osm243599484,osm243599483,road,"Cascade River Road05.link17"
w722397662,osm243599485,osm243599484,road,"Cascade River Road05.link18"
w722397662,osm243599486,osm243599485,road,"Cascade River Road05.link19"
w722397662,osm243599487,osm243599486,road,"Cascade River Road05.link20"
w722397662,osm243599488,osm243599487,road,"Cascade River Road05.link21"
w722397662,osm243599489,osm243599488,road,"Cascade River Road05.link22"
w722397662,osm243599490,osm243599489,road,"Cascade River Road05.link23"
w722397662,osm243599493,osm243599490,road,"Cascade River Road05.link24"
w722397662,osm243599494,osm243599493,road,"Cascade River Road05.link25"
w722397662,osm243599495,osm243599494,road,"Cascade River Road05.link26"
w722397662,osm243599496,osm243599495,road,"Cascade River Road05.link27"
w722397662,osm3090167018,osm243599496,road,"Cascade River Road05.link28"
w722397662,osm243599497,osm3090167018,road,"Cascade River Road05.link29"
w722397662,osm243599498,osm243599497,road,"Cascade River Road05.link30"
w722397662,osm243599499,osm243599498,road,"Cascade River Road05.link31"
w722397662,osm243599500,osm243599499,road,"Cascade River Road05.link32"
w722397662,osm243599501,osm243599500,road,"Cascade River Road05.link33"
w722397662,osm243599502,osm243599501,road,"Cascade River Road05.link34"
w722397662,osm243599503,osm243599502,road,"Cascade River Road05.link35"
w722397662,osm243599504,osm243599503,road,"Cascade River Road05.link36"
w722397662,osm243599505,osm243599504,road,"Cascade River Road05.link37"
w722397662,osm3090167017,osm243599505,road,"Cascade River Road05.link38"
w722397662,osm3090167016,osm3090167017,road,"Cascade River Road05.link39"
w722397662,osm243599506,osm3090167016,road,"Cascade River Road05.link40"
w722397662,osm243599507,osm243599506,road,"Cascade River Road05.link41"
w722397662,osm3090167015,osm243599507,road,"Cascade River Road05.link42"
w722397662,osm3090167014,osm3090167015,road,"Cascade River Road05.link43"
w722397662,osm243599508,osm3090167014,road,"Cascade River Road05.link44"
w722397662,osm243599509,osm243599508,road,"Cascade River Road05.link45"
w722397662,osm3090167013,osm243599509,road,"Cascade River Road05.link46"
w722397662,osm3090167012,osm3090167013,road,"Cascade River Road05.link47"
w722397662,osm3090167011,osm3090167012,road,"Cascade River Road05.link48"
w722397662,osm243599510,osm3090167011,road,"Cascade River Road05.link49"
w722397662,osm3090167010,osm243599510,road,"Cascade River Road05.link50"
w722397662,osm243599511,osm3090167010,road,"Cascade River Road05.link51"
w722397662,osm243599512,osm243599511,road,"Cascade River Road05.link52"
w722397662,osm3090167009,osm243599512,road,"Cascade River Road05.link53"
w722397662,osm243599513,osm3090167009,road,"Cascade River Road05.link54"
w722397662,osm3090167008,osm243599513,road,"Cascade River Road05.link55"
w722397662,osm3090167007,osm3090167008,road,"Cascade River Road05.link56"
w722397662,osm243599514,osm3090167007,road,"Cascade River Road05.link57"
w722397662,osm3090167006,osm243599514,road,"Cascade River Road05.link58"
w722397662,osm243599515,osm3090167006,road,"Cascade River Road05.link59"
w722397662,osm243578972,osm243599515,road,"Cascade River Road05.link60"
w722397662,osm3090167005,osm243578972,road,"Cascade River Road05.link61"
w722397662,osm243599517,osm3090167005,road,"Cascade River Road05.link62"
w722397662,osm3090167004,osm243599517,road,"Cascade River Road05.link63"
w722397662,osm3090167003,osm3090167004,road,"Cascade River Road05.link64"
w722397662,osm243599518,osm3090167003,road,"Cascade River Road05.link65"
w722397662,osm243599519,osm243599518,road,"Cascade River Road05.link66"
w722397662,osm3090167002,osm243599519,road,"Cascade River Road05.link67"
w722397662,osm243599520,osm3090167002,road,"Cascade River Road05.link68"
w722397662,osm243598152,osm243599520,road,"Cascade River Road05.link69"
